ID,Route,Sub-route / Section,Interaction / Element,Event Type,Event Name,Event JSON (event_data payload),Description,Priority,Already Implemented
1,/login,Page Load,Page view on mount,page_view,login_page_view,"{""page"": ""login"", ""url"": ""/login""}",User lands on the login screen before authenticating via Microsoft SSO.,High,Yes
2,/login,CTA,Sign In button click,button_click,login_sign_in_clicked,"{""button"": ""sign_in"", ""page"": ""login"", ""auth_method"": ""microsoft_sso""}",User clicks the primary Sign in button — critical SSO auth funnel step.,High,Yes
3,/login,Footer Links,Privacy Policy link click,link_click,login_privacy_policy_clicked,"{""link"": ""privacy_policy"", ""page"": ""login""}",User clicks Privacy Policy link on the login page.,Low,No
4,/login,Footer Links,Legal Notice link click,link_click,login_legal_notice_clicked,"{""link"": ""legal_notice"", ""page"": ""login""}",User clicks Legal Notice link on the login page.,Low,No
5,/login,Footer Links,Help & Support link click,link_click,login_help_support_clicked,"{""link"": ""help_support"", ""page"": ""login""}",User clicks Help & Support link on the login page.,Low,No
6,/consent,Page Load,Page view on mount,page_view,consent_page_view,"{""page"": ""consent"", ""url"": ""/consent""}",User arrives at the AI usage consent page after SSO login completes.,High,No
7,/consent,CTA,Accept button click (consent granted),button_click,consent_accepted,"{""button"": ""accept"", ""page"": ""consent""}",User accepts the AI platform usage warning — unlocks full platform access. Critical funnel event.,High,No
8,/consent,Footer Links,Privacy Policy link click,link_click,consent_privacy_policy_clicked,"{""link"": ""privacy_policy"", ""page"": ""consent""}",User clicks Privacy Policy on consent page.,Low,No
9,/consent,Footer Links,Legal Notice link click,link_click,consent_legal_notice_clicked,"{""link"": ""legal_notice"", ""page"": ""consent""}",User clicks Legal Notice on consent page.,Low,No
10,/consent,Footer Links,Help & Support link click,link_click,consent_help_support_clicked,"{""link"": ""help_support"", ""page"": ""consent""}",User clicks Help & Support on consent page.,Low,No
11,global/sidebar,Navigation,Navigate to Summary,navigation,nav_summary_clicked,"{""nav_item"": ""summary"", ""destination"": ""/summary"", ""from_page"": ""{{current_page}}""}",User clicks the Summary nav item — main dashboard route.,High,Yes (page_view)
12,global/sidebar,Navigation,Navigate to Skill & Compliance,navigation,nav_capability_clicked,"{""nav_item"": ""capability"", ""destination"": ""/capability"", ""from_page"": ""{{current_page}}""}",User clicks the Skill & Compliance nav item.,High,Yes (page_view)
13,global/sidebar,Navigation,Navigate to FCRs,navigation,nav_fcrs_clicked,"{""nav_item"": ""fcrs"", ""destination"": ""/fcrs"", ""from_page"": ""{{current_page}}""}",User clicks the FCRs nav item.,High,Yes (page_view)
14,global/sidebar,Navigation,Navigate to Ask AI,navigation,nav_askai_clicked,"{""nav_item"": ""askai"", ""destination"": ""/askai"", ""from_page"": ""{{current_page}}""}",User clicks the Ask AI nav item.,High,Yes (page_view)
15,global/sidebar,Navigation,Navigate to Reference,navigation,nav_reference_clicked,"{""nav_item"": ""reference"", ""destination"": ""/reference"", ""from_page"": ""{{current_page}}""}",User clicks the Reference nav item.,Medium,Yes (page_view)
16,global/sidebar,User Controls,Settings click,button_click,sidebar_settings_clicked,"{""button"": ""settings"", ""location"": ""sidebar""}",User clicks Settings in the sidebar user section.,Medium,No
17,global/sidebar,User Controls,Log out click (sidebar),button_click,sidebar_logout_clicked,"{""button"": ""logout"", ""location"": ""sidebar""}",User clicks Log out in the sidebar user section.,High,No
18,global/topbar,AI Search,Search query submitted via Enter key,search,topbar_ai_search_enter,"{""query"": ""{{search_text}}"", ""trigger"": ""enter_key"", ""page"": ""{{current_page}}"", ""redirected_to"": ""askai""}",User types in global topbar search and hits Enter — forwards query to Ask AI page.,High,No
19,global/topbar,AI Search,AI Search button click,button_click,topbar_ai_search_btn_clicked,"{""button"": ""ai_search"", ""query"": ""{{search_text}}"", ""page"": ""{{current_page}}"", ""redirected_to"": ""askai""}",User clicks the AI Search button in the topbar.,High,No
20,global/topbar,Theme,Dark / Light mode toggle,button_click,topbar_theme_toggled,"{""button"": ""theme_toggle"", ""new_theme"": ""{{dark|light}}"", ""page"": ""{{current_page}}""}",User toggles between dark mode and light mode.,Low,No
21,global/topbar,Notifications,Notifications bell click (open panel),button_click,topbar_notifications_opened,"{""button"": ""notifications_bell"", ""notification_count"": 4, ""page"": ""{{current_page}}""}",User opens the notifications dropdown panel.,Medium,No
22,global/topbar,Notifications,Notifications panel closed (X click),button_click,topbar_notifications_closed,"{""button"": ""notifications_close"", ""page"": ""{{current_page}}""}",User closes the notifications panel via X button.,Low,No
23,global/topbar,Notifications,Notification item viewed/read,impression,topbar_notification_item_viewed,"{""notification_type"": ""{{high|medium|low}}"", ""notification_text"": ""{{text}}"", ""notification_index"": ""{{index}}"", ""page"": ""{{current_page}}""}",User sees a specific notification item (e.g. overdue FCR alert or compliance flag).,Medium,No
24,global/topbar,User Controls,Sign out button click (topbar),button_click,topbar_signout_clicked,"{""button"": ""sign_out"", ""location"": ""topbar""}",User clicks Sign out button in the topbar.,High,No
25,/summary,Page Load,Page view,page_view,summary_page_view,"{""page"": ""summary"", ""url"": ""/summary""}",User views the Summary/Dashboard page.,High,Yes
26,/summary,Filter Bar,Timeframe filter dropdown opened,filter_opened,summary_filter_timeframe_opened,"{""filter"": ""timeframe"", ""current_value"": ""{{current_value}}"", ""page"": ""summary""}",User opens the Timeframe filter dropdown on the Summary page.,High,No
27,/summary,Filter Bar > Timeframe,Select 'All time',filter_applied,summary_filter_timeframe_all_time,"{""filter"": ""timeframe"", ""value"": null, ""label"": ""All time"", ""page"": ""summary""}",User selects All time — resets timeframe filter.,High,No
28,/summary,Filter Bar > Timeframe,Select 'Past 7 days',filter_applied,summary_filter_timeframe_7d,"{""filter"": ""timeframe"", ""value"": ""7"", ""label"": ""Past 7 days"", ""page"": ""summary""}",User selects Past 7 days timeframe filter.,High,No
29,/summary,Filter Bar > Timeframe,Select 'Past 30 days',filter_applied,summary_filter_timeframe_30d,"{""filter"": ""timeframe"", ""value"": ""30"", ""label"": ""Past 30 days"", ""page"": ""summary""}",User selects Past 30 days timeframe filter.,High,No
30,/summary,Filter Bar > Timeframe,Select 'Past quarter' (90 days),filter_applied,summary_filter_timeframe_quarter,"{""filter"": ""timeframe"", ""value"": ""90"", ""label"": ""Past quarter"", ""page"": ""summary""}",User selects Past quarter (90-day) filter.,High,No
31,/summary,Filter Bar > Timeframe,Select 'Past 6 months',filter_applied,summary_filter_timeframe_6m,"{""filter"": ""timeframe"", ""value"": ""180"", ""label"": ""Past 6 months"", ""page"": ""summary""}",User selects Past 6 months filter.,High,No
32,/summary,Filter Bar > Timeframe,Select 'Past year',filter_applied,summary_filter_timeframe_365d,"{""filter"": ""timeframe"", ""value"": ""365"", ""label"": ""Past year"", ""page"": ""summary""}",User selects Past year (365 days) filter.,High,No
33,/summary,Filter Bar > Timeframe,Select 'Custom range' (opens date pickers),filter_applied,summary_filter_timeframe_custom_opened,"{""filter"": ""timeframe"", ""value"": ""custom"", ""label"": ""Custom range"", ""page"": ""summary""}",User selects Custom range option — triggers date picker inputs to appear.,Medium,No
34,/summary,Filter Bar > Timeframe > Custom,Custom From date input changed,input_changed,summary_filter_custom_from_set,"{""filter"": ""timeframe_custom_from"", ""value"": ""{{YYYY-MM-DD}}"", ""page"": ""summary""}",User sets the start date of the custom date range filter.,Medium,No
35,/summary,Filter Bar > Timeframe > Custom,Custom To date input changed,input_changed,summary_filter_custom_to_set,"{""filter"": ""timeframe_custom_to"", ""value"": ""{{YYYY-MM-DD}}"", ""page"": ""summary""}",User sets the end date of the custom date range filter.,Medium,No
36,/summary,Filter Bar > Timeframe > Custom,Apply custom date range button click,button_click,summary_filter_custom_date_applied,"{""filter"": ""timeframe"", ""value"": ""custom"", ""from"": ""{{from_date}}"", ""to"": ""{{to_date}}"", ""page"": ""summary""}",User applies the custom date range — triggers data refresh.,High,No
37,/summary,Filter Bar,Therapeutic Area filter dropdown opened,filter_opened,summary_filter_ta_opened,"{""filter"": ""therapeutic_area"", ""current_value"": ""{{current_value}}"", ""page"": ""summary""}",User opens the Therapeutic Area filter dropdown.,High,No
38,/summary,Filter Bar > TA,Select 'All TAs',filter_applied,summary_filter_ta_all,"{""filter"": ""therapeutic_area"", ""value"": null, ""label"": ""All TAs"", ""page"": ""summary""}",User selects All TAs (resets TA filter).,Medium,No
39,/summary,Filter Bar > TA,Select 'Immunology (IMM)',filter_applied,summary_filter_ta_imm,"{""filter"": ""therapeutic_area"", ""value"": ""IMM"", ""label"": ""Immunology"", ""page"": ""summary""}",User filters Summary by Immunology therapeutic area.,High,No
40,/summary,Filter Bar > TA,Select 'Oncology (ONC)',filter_applied,summary_filter_ta_onc,"{""filter"": ""therapeutic_area"", ""value"": ""ONC"", ""label"": ""Oncology"", ""page"": ""summary""}",User filters Summary by Oncology therapeutic area.,High,No
41,/summary,Filter Bar > TA,Select 'Neuroscience (NS)',filter_applied,summary_filter_ta_ns,"{""filter"": ""therapeutic_area"", ""value"": ""NS"", ""label"": ""Neuroscience"", ""page"": ""summary""}",User filters Summary by Neuroscience therapeutic area.,High,No
42,/summary,Filter Bar > TA,Select 'Specialty Care (SCG)',filter_applied,summary_filter_ta_scg,"{""filter"": ""therapeutic_area"", ""value"": ""SCG"", ""label"": ""Specialty Care"", ""page"": ""summary""}",User filters Summary by Specialty Care therapeutic area.,High,No
43,/summary,Filter Bar,Region filter dropdown opened,filter_opened,summary_filter_region_opened,"{""filter"": ""region"", ""current_value"": ""{{current_value}}"", ""page"": ""summary""}",User opens the Region filter dropdown on Summary page.,High,No
44,/summary,Filter Bar > Region,Select 'All regions',filter_applied,summary_filter_region_all,"{""filter"": ""region"", ""value"": null, ""label"": ""All regions"", ""page"": ""summary""}",User selects All regions (resets region filter).,Medium,No
45,/summary,Filter Bar > Region,Select 'West',filter_applied,summary_filter_region_west,"{""filter"": ""region"", ""value"": ""West"", ""label"": ""West"", ""page"": ""summary""}",User filters Summary by West region.,High,No
46,/summary,Filter Bar > Region,Select 'Central',filter_applied,summary_filter_region_central,"{""filter"": ""region"", ""value"": ""Central"", ""label"": ""Central"", ""page"": ""summary""}",User filters Summary by Central region.,High,No
47,/summary,Filter Bar > Region,Select 'Northeast',filter_applied,summary_filter_region_northeast,"{""filter"": ""region"", ""value"": ""Northeast"", ""label"": ""Northeast"", ""page"": ""summary""}",User filters Summary by Northeast region.,High,No
48,/summary,Filter Bar > Region,Select 'Southeast',filter_applied,summary_filter_region_southeast,"{""filter"": ""region"", ""value"": ""Southeast"", ""label"": ""Southeast"", ""page"": ""summary""}",User filters Summary by Southeast region.,High,No
49,/summary,Filter Bar > Region,Select 'East',filter_applied,summary_filter_region_east,"{""filter"": ""region"", ""value"": ""East"", ""label"": ""East"", ""page"": ""summary""}",User filters Summary by East region.,High,No
50,/summary,Filter Bar,Clear single active filter (× icon),filter_cleared,summary_filter_cleared_single,"{""filter"": ""{{filter_name}}"", ""cleared_value"": ""{{value}}"", ""page"": ""summary""}",User clears one individual active filter pill via the × icon.,Medium,No
51,/summary,Filter Bar,Clear all filters button click,button_click,summary_filters_clear_all,"{""button"": ""clear_all_filters"", ""cleared_filters"": ""{{ta|timeframe|region}}"", ""page"": ""summary""}",User clears all active filters at once via the Clear all button.,High,No
52,/summary,View Selector,Select View 1 — Coaching Coverage & Cadence,button_click,summary_view_coaching_coverage_selected,"{""view"": ""coaching_coverage_cadence"", ""view_num"": 1, ""page"": ""summary""}",User selects the Coaching Coverage & Cadence view card.,High,No
53,/summary,View Selector,Select View 2 — Training & Skill Gaps,button_click,summary_view_training_skill_gaps_selected,"{""view"": ""training_skill_gaps"", ""view_num"": 2, ""page"": ""summary""}",User selects the Training & Skill Gaps view card — shows PINS coaching analysis.,High,No
54,/summary,View Selector,Select View 3 — Skill Proficiency Trend,button_click,summary_view_skill_proficiency_trend_selected,"{""view"": ""skill_proficiency_trend"", ""view_num"": 3, ""page"": ""summary""}",User selects the Skill Proficiency Trend view card.,High,No
55,/summary > View 1,Coverage Charts,Toggle chart — 'By region',button_click,summary_chart_toggle_by_region,"{""button"": ""chart_toggle"", ""value"": ""region"", ""view"": ""coaching_coverage_cadence"", ""page"": ""summary""}",User switches the FCR bar chart to show breakdown by geographic region.,Medium,No
56,/summary > View 1,Coverage Charts,Toggle chart — 'By therapeutic area',button_click,summary_chart_toggle_by_ta,"{""button"": ""chart_toggle"", ""value"": ""ta"", ""view"": ""coaching_coverage_cadence"", ""page"": ""summary""}",User switches the FCR bar chart to show breakdown by therapeutic area.,Medium,No
57,/summary > View 1,Coverage Charts,All pill click (reset chart),button_click,summary_chart_all_pill_clicked,"{""button"": ""all_pill"", ""view"": ""coaching_coverage_cadence"", ""page"": ""summary""}",User clicks the 'All' pill to reset chart grouping.,Low,No
58,/summary > View 1,Info Banner,FYI info banner click (expand),button_click,summary_fyi_banner_clicked,"{""button"": ""fyi_info_banner"", ""view"": ""coaching_coverage_cadence"", ""page"": ""summary""}",User clicks the informational FYI banner — 'Region factors affecting counts'.,Low,No
59,/summary > View 2,PINS Coverage,AI Insights button click (open panel),button_click,summary_tsg_ai_insights_opened,"{""button"": ""ai_insights"", ""view"": ""training_skill_gaps"", ""context"": ""pins_coverage"", ""page"": ""summary""}",User opens the AI Insights side panel for PINS Training & Skill Gaps analysis.,High,No
60,/summary > View 2,AI Insights Panel,Close AI Insights panel (X),button_click,summary_tsg_ai_insights_panel_closed,"{""button"": ""ai_insights_close"", ""view"": ""training_skill_gaps"", ""page"": ""summary""}",User closes the AI PINS Insights side panel.,Medium,No
61,/summary > View 2,AI Insights Panel,Regenerate AI Insights button,button_click,summary_tsg_ai_insights_regenerated,"{""button"": ""regenerate_ai_insights"", ""view"": ""training_skill_gaps"", ""page"": ""summary""}",User regenerates AI insights for the training skill gap data.,High,No
62,/summary > View 3,Skill Proficiency Trend,AI INSIGHTS button click (open panel),button_click,summary_spt_ai_insights_opened,"{""button"": ""ai_insights"", ""view"": ""skill_proficiency_trend"", ""page"": ""summary""}",User opens AI Insights panel for the Skill Proficiency Trend view.,High,No
63,/summary > View 3,AI Insights Panel,Close AI Insights panel (X),button_click,summary_spt_ai_insights_panel_closed,"{""button"": ""ai_insights_close"", ""view"": ""skill_proficiency_trend"", ""page"": ""summary""}",User closes the AI Skill Trend Insights side panel.,Medium,No
64,/summary > View 3,AI Insights Panel,Regenerate AI Insights,button_click,summary_spt_ai_insights_regenerated,"{""button"": ""regenerate_ai_insights"", ""view"": ""skill_proficiency_trend"", ""page"": ""summary""}",User regenerates AI insights for skill proficiency trends.,High,No
65,/summary > View 3,Drill-In Panel,Expand drill-down panel click (Show),button_click,summary_spt_drilldown_expanded,"{""button"": ""drill_into_pins_and_skills"", ""state"": ""expanded"", ""view"": ""skill_proficiency_trend"", ""page"": ""summary""}",User expands the 'Drill into movement by PINS area & skill' accordion panel.,Medium,No
66,/summary > View 3,Drill-In Panel,Collapse drill-down panel click (Hide),button_click,summary_spt_drilldown_collapsed,"{""button"": ""drill_into_pins_and_skills"", ""state"": ""collapsed"", ""view"": ""skill_proficiency_trend"", ""page"": ""summary""}",User collapses the drill-down panel.,Low,No
67,/summary > View 3 > Drill-In,Drilldown Tabs,Switch to 'By PINS' tab,tab_changed,summary_spt_drilldown_tab_pins,"{""tab"": ""pins"", ""view"": ""skill_proficiency_trend"", ""page"": ""summary""}",User switches drill-down breakdown to By PINS section view.,Medium,No
68,/summary > View 3 > Drill-In,Drilldown Tabs,Switch to 'By skill' tab,tab_changed,summary_spt_drilldown_tab_skill,"{""tab"": ""skill"", ""view"": ""skill_proficiency_trend"", ""page"": ""summary""}",User switches drill-down breakdown to By Skill view.,Medium,No
69,/summary > View 3 > Drill-In,Section Actions,Sparkles / AI icon click in drilldown header,button_click,summary_spt_drilldown_section_sparkle_clicked,"{""button"": ""section_sparkle_ai"", ""view"": ""skill_proficiency_trend"", ""page"": ""summary""}",User clicks the Sparkles AI button inside the PINS Largest Changes drilldown section.,Medium,No
70,/capability,Page Load,Page view,page_view,capability_page_view,"{""page"": ""capability"", ""url"": ""/capability""}",User views the Skill & Compliance deep-dive page.,High,Yes
71,/capability,Filter Bar,Timeframe filter: All time,filter_applied,capability_filter_timeframe_all_time,"{""filter"": ""timeframe"", ""value"": null, ""label"": ""All time"", ""page"": ""capability""}",User selects All time on Capability page.,High,No
72,/capability,Filter Bar,Timeframe filter: Past 7 days,filter_applied,capability_filter_timeframe_7d,"{""filter"": ""timeframe"", ""value"": ""7"", ""label"": ""Past 7 days"", ""page"": ""capability""}",User selects Past 7 days on Capability page.,High,No
73,/capability,Filter Bar,Timeframe filter: Past 30 days,filter_applied,capability_filter_timeframe_30d,"{""filter"": ""timeframe"", ""value"": ""30"", ""label"": ""Past 30 days"", ""page"": ""capability""}",User selects Past 30 days on Capability page.,High,No
74,/capability,Filter Bar,Timeframe filter: Past quarter,filter_applied,capability_filter_timeframe_quarter,"{""filter"": ""timeframe"", ""value"": ""90"", ""label"": ""Past quarter"", ""page"": ""capability""}",User selects Past quarter filter on Capability page.,High,No
75,/capability,Filter Bar,Timeframe filter: Past 6 months,filter_applied,capability_filter_timeframe_6m,"{""filter"": ""timeframe"", ""value"": ""180"", ""label"": ""Past 6 months"", ""page"": ""capability""}",User selects Past 6 months filter.,High,No
76,/capability,Filter Bar,Timeframe filter: Past year,filter_applied,capability_filter_timeframe_365d,"{""filter"": ""timeframe"", ""value"": ""365"", ""label"": ""Past year"", ""page"": ""capability""}",User selects Past year filter.,High,No
77,/capability,Filter Bar,Timeframe filter: Custom range selected,filter_applied,capability_filter_timeframe_custom_opened,"{""filter"": ""timeframe"", ""value"": ""custom"", ""page"": ""capability""}",User selects Custom range — opens date pickers.,Medium,No
78,/capability,Filter Bar > Custom,Custom From date set,input_changed,capability_filter_custom_from_set,"{""filter"": ""timeframe_custom_from"", ""value"": ""{{YYYY-MM-DD}}"", ""page"": ""capability""}",User sets custom start date for Capability page filter.,Medium,No
79,/capability,Filter Bar > Custom,Custom To date set,input_changed,capability_filter_custom_to_set,"{""filter"": ""timeframe_custom_to"", ""value"": ""{{YYYY-MM-DD}}"", ""page"": ""capability""}",User sets custom end date for Capability page filter.,Medium,No
80,/capability,Filter Bar > Custom,Apply custom date range button,button_click,capability_filter_custom_date_applied,"{""filter"": ""timeframe"", ""from"": ""{{from_date}}"", ""to"": ""{{to_date}}"", ""page"": ""capability""}",User clicks Apply to confirm custom date range on Capability page.,High,No
81,/capability,Filter Bar,TA filter: All TAs,filter_applied,capability_filter_ta_all,"{""filter"": ""therapeutic_area"", ""value"": null, ""label"": ""All TAs"", ""page"": ""capability""}",User resets the TA filter to All TAs.,Medium,No
82,/capability,Filter Bar,TA filter: Immunology (IMM),filter_applied,capability_filter_ta_imm,"{""filter"": ""therapeutic_area"", ""value"": ""IMM"", ""label"": ""Immunology"", ""page"": ""capability""}",User filters Capability by Immunology TA.,High,No
83,/capability,Filter Bar,TA filter: Oncology (ONC),filter_applied,capability_filter_ta_onc,"{""filter"": ""therapeutic_area"", ""value"": ""ONC"", ""label"": ""Oncology"", ""page"": ""capability""}",User filters Capability by Oncology TA.,High,No
84,/capability,Filter Bar,TA filter: Neuroscience (NS),filter_applied,capability_filter_ta_ns,"{""filter"": ""therapeutic_area"", ""value"": ""NS"", ""label"": ""Neuroscience"", ""page"": ""capability""}",User filters Capability by Neuroscience TA.,High,No
85,/capability,Filter Bar,TA filter: Specialty Care (SCG),filter_applied,capability_filter_ta_scg,"{""filter"": ""therapeutic_area"", ""value"": ""SCG"", ""label"": ""Specialty Care"", ""page"": ""capability""}",User filters Capability by Specialty Care TA.,High,No
86,/capability,Filter Bar,Region filter: West,filter_applied,capability_filter_region_west,"{""filter"": ""region"", ""value"": ""West"", ""page"": ""capability""}",User filters Capability by West region.,High,No
87,/capability,Filter Bar,Region filter: Central,filter_applied,capability_filter_region_central,"{""filter"": ""region"", ""value"": ""Central"", ""page"": ""capability""}",User filters Capability by Central region.,High,No
88,/capability,Filter Bar,Region filter: Northeast,filter_applied,capability_filter_region_northeast,"{""filter"": ""region"", ""value"": ""Northeast"", ""page"": ""capability""}",User filters Capability by Northeast region.,High,No
89,/capability,Filter Bar,Region filter: Southeast,filter_applied,capability_filter_region_southeast,"{""filter"": ""region"", ""value"": ""Southeast"", ""page"": ""capability""}",User filters Capability by Southeast region.,High,No
90,/capability,Filter Bar,Region filter: East,filter_applied,capability_filter_region_east,"{""filter"": ""region"", ""value"": ""East"", ""page"": ""capability""}",User filters Capability by East region.,High,No
91,/capability,Filter Bar,Clear all filters,button_click,capability_filters_clear_all,"{""button"": ""clear_all_filters"", ""page"": ""capability""}",User clears all active filters on Capability page.,High,No
92,/capability,Proficiency Chart,Toggle chart view: Radar,button_click,capability_chart_toggle_radar,"{""button"": ""chart_view_toggle"", ""value"": ""radar"", ""page"": ""capability""}",User switches the FBMS Skill Proficiency chart to Radar view.,Medium,No
93,/capability,Proficiency Chart,Toggle chart view: Bar,button_click,capability_chart_toggle_bar,"{""button"": ""chart_view_toggle"", ""value"": ""bar"", ""page"": ""capability""}",User switches the FBMS Skill Proficiency chart to Bar chart view.,Medium,No
94,/fcrs,Page Load,Page view,page_view,fcrs_page_view,"{""page"": ""fcrs"", ""url"": ""/fcrs""}",User views the MSL Field Coaching Reports (FCRs) list page.,High,Yes
95,/fcrs,Tabs,Switch to PINS tab,tab_changed,fcrs_tab_pins_selected,"{""tab"": ""pins"", ""prev_tab"": ""{{prev}}"", ""page"": ""fcrs""}",User selects the PINS FCRs tab — filters for PINS-framework coaching reports.,High,No
96,/fcrs,Tabs,Switch to All FCRs tab,tab_changed,fcrs_tab_all_selected,"{""tab"": ""all"", ""prev_tab"": ""{{prev}}"", ""page"": ""fcrs""}",User selects the All FCRs tab — shows all coaching reports regardless of form type.,High,No
97,/fcrs,TA Filter Pills,TA filter: All TAs,filter_applied,fcrs_filter_ta_all,"{""filter"": ""ta"", ""value"": """", ""label"": ""All TAs"", ""page"": ""fcrs"", ""active_tab"": ""{{pins|all}}""}",User selects All TAs filter pill on FCRs list.,High,No
98,/fcrs,TA Filter Pills,TA filter: IMM (Immunology),filter_applied,fcrs_filter_ta_imm,"{""filter"": ""ta"", ""value"": ""IMM"", ""label"": ""Immunology"", ""page"": ""fcrs"", ""active_tab"": ""{{pins|all}}""}",User filters FCR list by Immunology TA.,High,No
99,/fcrs,TA Filter Pills,TA filter: ONC (Oncology),filter_applied,fcrs_filter_ta_onc,"{""filter"": ""ta"", ""value"": ""ONC"", ""label"": ""Oncology"", ""page"": ""fcrs"", ""active_tab"": ""{{pins|all}}""}",User filters FCR list by Oncology TA.,High,No
100,/fcrs,TA Filter Pills,TA filter: NS (Neuroscience),filter_applied,fcrs_filter_ta_ns,"{""filter"": ""ta"", ""value"": ""NS"", ""label"": ""Neuroscience"", ""page"": ""fcrs"", ""active_tab"": ""{{pins|all}}""}",User filters FCR list by Neuroscience TA.,High,No
101,/fcrs,TA Filter Pills,TA filter: SCG (Specialty Care),filter_applied,fcrs_filter_ta_scg,"{""filter"": ""ta"", ""value"": ""SCG"", ""label"": ""Specialty Care"", ""page"": ""fcrs"", ""active_tab"": ""{{pins|all}}""}",User filters FCR list by Specialty Care TA.,High,No
102,/fcrs,Search,Search input (name / FCR ID),search,fcrs_search_submitted,"{""query"": ""{{search_text}}"", ""page"": ""fcrs"", ""active_tab"": ""{{pins|all}}"", ""ta_filter"": ""{{ta}}""}",User types into the FCR search input — debounced search triggers live filter.,High,No
103,/fcrs,Table,FCR row click (opens detail panel),row_click,fcrs_row_clicked,"{""fcr_id"": ""{{fcr_id}}"", ""coachee_name"": ""{{first}} {{last}}"", ""ta"": ""{{ta}}"", ""status"": ""{{status}}"", ""active_tab"": ""{{pins|all}}"", ""page"": ""fcrs""}",User clicks a row in the FCR table to open the FCR detail side panel.,High,No
104,/fcrs,Pagination,Previous page click,pagination,fcrs_pagination_prev_clicked,"{""direction"": ""prev"", ""from_page"": ""{{current_page}}"", ""to_page"": ""{{prev_page}}"", ""total_pages"": ""{{total_pages}}"", ""page"": ""fcrs""}",User navigates to the previous page in the FCR paginated table.,Medium,No
105,/fcrs,Pagination,Next page click,pagination,fcrs_pagination_next_clicked,"{""direction"": ""next"", ""from_page"": ""{{current_page}}"", ""to_page"": ""{{next_page}}"", ""total_pages"": ""{{total_pages}}"", ""page"": ""fcrs""}",User navigates to the next page in the FCR paginated table.,Medium,No
106,/fcrs,Pagination,Specific page number click,pagination,fcrs_pagination_page_number_clicked,"{""page_number"": ""{{page}}"", ""total_pages"": ""{{total_pages}}"", ""page"": ""fcrs""}",User clicks a specific page number pill in the pagination control.,Medium,No
107,/fcrs,Error State,Retry button after load error,button_click,fcrs_retry_clicked,"{""button"": ""retry"", ""page"": ""fcrs"", ""error_context"": ""table_load_failed""}",User clicks Retry after the FCR table fails to load from Redshift.,Medium,No
108,/fcrs > detail,Detail Panel,Panel opened (triggered by row click),panel_opened,fcrs_detail_panel_opened,"{""fcr_id"": ""{{fcr_id}}"", ""coachee_name"": ""{{name}}"", ""ta"": ""{{ta}}"", ""region"": ""{{region}}"", ""status"": ""{{status}}"", ""page"": ""fcrs""}",FCR detail side panel opens — includes coachee profile coaching scores and PINS data.,High,No
109,/fcrs > detail,Detail Panel,Close panel — X button,button_click,fcrs_detail_panel_closed_x,"{""button"": ""close_panel_x"", ""fcr_id"": ""{{fcr_id}}"", ""page"": ""fcrs""}",User explicitly closes the FCR detail panel via the X button.,High,No
110,/fcrs > detail,Detail Panel,Close panel — backdrop click,button_click,fcrs_detail_panel_closed_backdrop,"{""button"": ""backdrop_click"", ""fcr_id"": ""{{fcr_id}}"", ""page"": ""fcrs""}",User closes the FCR detail panel by clicking the dark overlay backdrop.,Medium,No
111,/fcrs > detail > AI,Generate Insights button click,button_click,fcrs_detail_generate_insights_clicked,"{""button"": ""generate_insights"", ""fcr_id"": ""{{fcr_id}}"", ""coachee_name"": ""{{name}}"", ""ta"": ""{{ta}}"", ""coaching_date"": ""{{date}}"", ""page"": ""fcrs""}",User clicks Generate Insights — triggers GPT-powered AI analysis of the FCR coaching session.,High,No
112,/fcrs > detail > AI,Refresh Insights button (when insight already shown),button_click,fcrs_detail_refresh_insights_clicked,"{""button"": ""refresh_insights"", ""fcr_id"": ""{{fcr_id}}"", ""page"": ""fcrs""}",User re-generates the AI coaching insights for the same FCR.,High,No
113,/fcrs > detail > PINS,Score PINS button click,button_click,fcrs_detail_score_pins_clicked,"{""button"": ""score_pins"", ""fcr_id"": ""{{fcr_id}}"", ""coachee_role"": ""{{role}}"", ""page"": ""fcrs""}",User triggers PINS AI scoring — calculates P/I/N/S section scores and 7 FBMS skill scores.,High,No
114,/fcrs > detail > PINS,Re-score PINS button click (after initial score),button_click,fcrs_detail_rescore_pins_clicked,"{""button"": ""rescore_pins"", ""fcr_id"": ""{{fcr_id}}"", ""page"": ""fcrs""}",User re-runs PINS AI scoring after it was already completed once.,High,No
115,/fcrs > detail > PINS,Download PDF button click,button_click,fcrs_detail_download_pdf_clicked,"{""button"": ""download_pdf"", ""fcr_id"": ""{{fcr_id}}"", ""coachee_name"": ""{{name}}"", ""ta"": ""{{ta}}"", ""page"": ""fcrs""}",User downloads the PINS PDF report for the FCR — key export action.,High,No
116,/fcrs > detail > PINS,Expand PINS section behaviors (▾ Behaviors),button_click,fcrs_detail_pins_section_expanded,"{""button"": ""pins_section_behaviors_expand"", ""section"": ""{{P|I|N|S}}"", ""section_label"": ""{{label}}"", ""fcr_id"": ""{{fcr_id}}"", ""page"": ""fcrs""}",User expands a PINS section to see individual observable behavior scores.,Medium,No
117,/fcrs > detail > PINS,Collapse PINS section behaviors (▲ Hide),button_click,fcrs_detail_pins_section_collapsed,"{""button"": ""pins_section_behaviors_collapse"", ""section"": ""{{P|I|N|S}}"", ""fcr_id"": ""{{fcr_id}}"", ""page"": ""fcrs""}",User collapses a PINS section behavior detail after viewing.,Low,No
118,/fcrs > detail > Q&A,Toggle All Q&A section (expand),button_click,fcrs_detail_qa_expanded,"{""button"": ""all_qa_toggle"", ""state"": ""expanded"", ""question_count"": ""{{count}}"", ""fcr_id"": ""{{fcr_id}}"", ""page"": ""fcrs""}",User expands the 'All Questions & Answers' section in the FCR detail panel.,Medium,No
119,/fcrs > detail > Q&A,Toggle All Q&A section (collapse),button_click,fcrs_detail_qa_collapsed,"{""button"": ""all_qa_toggle"", ""state"": ""collapsed"", ""fcr_id"": ""{{fcr_id}}"", ""page"": ""fcrs""}",User collapses the All Q&A section.,Low,No
120,/fcrs > detail > Error,Retry button in detail load error state,button_click,fcrs_detail_retry_clicked,"{""button"": ""retry_detail_load"", ""fcr_id"": ""{{fcr_id}}"", ""page"": ""fcrs""}",User retries loading FCR detail after an error (timeout or network failure).,Medium,No
121,/fcrs > detail > Error,Close panel from error/no-data state,button_click,fcrs_detail_close_error_state,"{""button"": ""close_error_panel"", ""fcr_id"": ""{{fcr_id}}"", ""page"": ""fcrs""}",User closes the FCR detail panel while it is in an error or empty state.,Low,No
122,/askai,Page Load,Page view,page_view,askai_page_view,"{""page"": ""askai"", ""url"": ""/askai""}",User views the Ask AI conversational insights page.,High,Yes
123,/askai,Role Filter Pills,Select 'All' role,filter_applied,askai_role_filter_all,"{""filter"": ""role"", ""value"": ""all"", ""label"": ""All"", ""page"": ""askai""}",User selects the All role pill — shows questions for all roles.,Medium,No
124,/askai,Role Filter Pills,Select 'HR / Talent' role,filter_applied,askai_role_filter_hr,"{""filter"": ""role"", ""value"": ""hr"", ""label"": ""HR / Talent"", ""page"": ""askai""}",User filters suggested questions by HR / Talent role.,Medium,No
125,/askai,Role Filter Pills,Select 'Field Director' role,filter_applied,askai_role_filter_director,"{""filter"": ""role"", ""value"": ""director"", ""label"": ""Field Director"", ""page"": ""askai""}",User filters suggested questions by Field Director role.,Medium,No
126,/askai,Role Filter Pills,Select 'MSL Leader' role,filter_applied,askai_role_filter_msl,"{""filter"": ""role"", ""value"": ""msl"", ""label"": ""MSL Leader"", ""page"": ""askai""}",User filters by MSL Leader role.,Medium,No
127,/askai,Role Filter Pills,Select 'L&D' role,filter_applied,askai_role_filter_ld,"{""filter"": ""role"", ""value"": ""ld"", ""label"": ""L&D"", ""page"": ""askai""}",User filters by L&D (Learning & Development) role.,Medium,No
128,/askai,Try Suggestion Pills,Click suggestion: 'How many FCRs written this quarter?',suggestion_clicked,askai_suggestion_fcr_count_quarter,"{""suggestion"": ""How many FCRs were written this quarter?"", ""trigger"": ""try_pill"", ""page"": ""askai""}",User clicks the pre-built FCR count suggestion pill.,High,No
129,/askai,Try Suggestion Pills,Click suggestion: 'Which region has most coaching activity?',suggestion_clicked,askai_suggestion_region_activity,"{""suggestion"": ""Which region has the most coaching activity?"", ""trigger"": ""try_pill"", ""page"": ""askai""}",User clicks the region coaching activity suggestion pill.,High,No
130,/askai,Try Suggestion Pills,Click suggestion: 'Top 5 reps by FCR count',suggestion_clicked,askai_suggestion_top_reps,"{""suggestion"": ""Top 5 reps by FCR count"", ""trigger"": ""try_pill"", ""page"": ""askai""}",User clicks the Top 5 reps by FCR count suggestion pill.,High,No
131,/askai,Suggested Cards,Click ADOPTION card,suggestion_clicked,askai_suggested_card_adoption_clicked,"{""category"": ""ADOPTION"", ""question"": ""How many FCRs were written this quarter?"", ""trigger"": ""suggested_card"", ""page"": ""askai""}",User clicks the ADOPTION suggested card to submit its pre-filled question to the AI.,High,No
132,/askai,Suggested Cards,Click GEOGRAPHY card,suggestion_clicked,askai_suggested_card_geography_clicked,"{""category"": ""GEOGRAPHY"", ""question"": ""Which region has the most coaching activity in the past 30 days?"", ""trigger"": ""suggested_card"", ""page"": ""askai""}",User clicks the GEOGRAPHY suggested card.,High,No
133,/askai,Suggested Cards,Click REP RANKING card,suggestion_clicked,askai_suggested_card_rep_ranking_clicked,"{""category"": ""REP RANKING"", ""question"": ""Show me the top 10 reps by number of FCRs written"", ""trigger"": ""suggested_card"", ""page"": ""askai""}",User clicks the REP RANKING suggested card.,High,No
134,/askai,AI Chat Input,Submit query via Enter key,ai_query_submitted,askai_query_submitted_enter,"{""query"": ""{{user_question}}"", ""trigger"": ""enter_key"", ""conversation_turn"": ""{{turn_number}}"", ""is_followup"": ""{{true|false}}"", ""page"": ""askai""}",User submits a natural-language question to the AI engine via Enter key.,High,No
135,/askai,AI Chat Input,Submit query via Ask AI button click,ai_query_submitted,askai_query_submitted_button,"{""query"": ""{{user_question}}"", ""trigger"": ""button_click"", ""conversation_turn"": ""{{turn_number}}"", ""is_followup"": ""{{true|false}}"", ""page"": ""askai""}",User submits AI query by clicking the Ask AI send button.,High,No
136,/askai,Conversation,New conversation / reset button click,button_click,askai_new_conversation_clicked,"{""button"": ""new_conversation"", ""prev_turn_count"": ""{{turns}}"", ""page"": ""askai""}",User resets the AI conversation and starts a new one.,High,No
137,/reference,Page Load,Page view,page_view,reference_page_view,"{""page"": ""reference"", ""url"": ""/reference""}",User views the PINS framework and FBMS skills reference page.,Medium,Yes
138,/reference,Export,Export button click,button_click,reference_export_clicked,"{""button"": ""export"", ""page"": ""reference""}",User clicks the Export button on the Reference page (currently shows a dropdown).,High,No
139,/activity [legacy],Page Load,Page view (dev / legacy route),page_view,activity_page_view,"{""page"": ""activity"", ""url"": ""/activity""}",User views the Activity page (exists in codebase but not in sidebar navigation — dev/legacy).,Low,No
140,/activity [legacy],Tabs,Switch to 'Adoption Snapshot' tab,tab_changed,activity_tab_adoption_snapshot,"{""tab"": ""Adoption Snapshot"", ""page"": ""activity""}",User clicks the Adoption Snapshot tab on the Activity page.,Medium,No
141,/activity [legacy],Tabs,Switch to 'Submissions Trend' tab,tab_changed,activity_tab_submissions_trend,"{""tab"": ""Submissions Trend"", ""page"": ""activity""}",User clicks the Submissions Trend tab.,Medium,No
142,/activity [legacy],Tabs,Switch to 'Coverage by Org' tab,tab_changed,activity_tab_coverage_org,"{""tab"": ""Coverage by Org"", ""page"": ""activity""}",User clicks the Coverage by Org tab.,Medium,No
143,/activity [legacy],Tabs,Switch to 'Alerts (10)' tab,tab_changed,activity_tab_alerts,"{""tab"": ""Alerts"", ""page"": ""activity""}",User clicks the Alerts tab on Activity page.,Medium,No
144,/activity [legacy],Export,Export button click,button_click,activity_export_opened,"{""button"": ""export"", ""page"": ""activity""}",User opens the export dropdown on Activity page.,High,No
145,/activity [legacy],Export > CSV,Download as CSV,data_export,activity_export_csv_downloaded,"{""format"": ""csv"", ""record_count"": ""{{count}}"", ""page"": ""activity""}",User downloads FCR activity data as CSV file.,High,No
146,/activity [legacy],Chart Toggle,Switch to Daily view,button_click,activity_chart_toggle_daily,"{""button"": ""chart_toggle"", ""value"": ""Daily"", ""page"": ""activity""}",User switches submissions over time chart to Daily granularity.,Medium,No
147,/activity [legacy],Chart Toggle,Switch to Monthly view,button_click,activity_chart_toggle_monthly,"{""button"": ""chart_toggle"", ""value"": ""Monthly"", ""page"": ""activity""}",User switches submissions over time chart to Monthly granularity.,Medium,No
148,/activity [legacy],Alert Chips,Click '3 high' severity chip (filter overdue),filter_applied,activity_alert_chip_high_clicked,"{""filter"": ""alert_severity"", ""value"": ""overdue"", ""label"": ""3 high"", ""page"": ""activity""}",User clicks the high-severity alert chip to filter FCRs to overdue status.,Medium,No
149,/activity [legacy],Alert Chips,Click '4 medium' severity chip (filter draft),filter_applied,activity_alert_chip_medium_clicked,"{""filter"": ""alert_severity"", ""value"": ""draft"", ""label"": ""4 medium"", ""page"": ""activity""}",User clicks the medium-severity alert chip to filter FCRs to draft status.,Medium,No
150,/activity [legacy],Alert Chips,Click '3 low' severity chip (filter submitted),filter_applied,activity_alert_chip_low_clicked,"{""filter"": ""alert_severity"", ""value"": ""submitted"", ""label"": ""3 low"", ""page"": ""activity""}",User clicks the low-severity alert chip to filter FCRs to submitted status.,Medium,No
151,/activity [legacy],Ask AI (Chart),Ask AI button in Submissions chart section,button_click,activity_chart_ask_ai_clicked,"{""button"": ""ask_ai"", ""context"": ""submissions_chart"", ""page"": ""activity""}",User clicks the Ask AI button within the Submissions Over Time chart card.,High,No
152,/activity [legacy],Ask AI (Coverage),Ask AI button in Coverage by Org section,button_click,activity_coverage_ask_ai_clicked,"{""button"": ""ask_ai"", ""context"": ""coverage_by_org"", ""page"": ""activity""}",User clicks Ask AI button within the Coverage by Supervisory Org section.,High,No
153,/activity [legacy],Search,Search input in FCR table,search,activity_search_fcrs,"{""query"": ""{{search_text}}"", ""page"": ""activity""}",User types in the FCR search box to filter the Recent FCRs table.,High,No
154,/activity [legacy],Table,FCR ID link click (row detail view),link_click,activity_fcr_id_link_clicked,"{""fcr_id"": ""{{fcr_id}}"", ""page"": ""activity""}",User clicks an FCR ID link in the activity table to view full report detail.,High,No
155,/activity [legacy],Table,Manager name click (filter by manager),filter_applied,activity_manager_name_clicked,"{""filter"": ""manager"", ""manager_name"": ""{{name}}"", ""page"": ""activity""}",User clicks a manager name link to filter the table by that manager.,Medium,No
156,/activity [legacy],Table,MSL name click (filter by MSL),filter_applied,activity_msl_name_clicked,"{""filter"": ""msl"", ""msl_name"": ""{{name}}"", ""page"": ""activity""}",User clicks an MSL name link to filter the table by that MSL.,Medium,No
157,/activity [legacy],Coaching Adoption Card,Calendar icon click,button_click,activity_calendar_icon_clicked,"{""button"": ""calendar"", ""context"": ""coaching_adoption_card"", ""page"": ""activity""}",User clicks the Calendar icon in the Coaching Adoption card header.,Low,No
158,/activity [legacy],Coaching Adoption Card,Filter icon click,button_click,activity_filter_icon_clicked,"{""button"": ""filter"", ""context"": ""coaching_adoption_card"", ""page"": ""activity""}",User clicks the Filter icon in the Coaching Adoption card header.,Low,No
159,/activity [legacy],Coaching Adoption Card,Refresh icon click,button_click,activity_refresh_icon_clicked,"{""button"": ""refresh"", ""context"": ""coaching_adoption_card"", ""page"": ""activity""}",User clicks the Refresh/sync icon in the Coaching Adoption card header.,Medium,No
160,/activity [legacy],Coverage Table,Supervisory Org link click,link_click,activity_org_link_clicked,"{""org"": ""{{org_name}}"", ""active_pct"": ""{{pct}}"", ""page"": ""activity""}",User clicks a supervisory org link in the Coverage by Supervisory Org table.,Medium,No
161,global/session,Session Events,Session start (after SSO + consent),session_event,session_started,"{""user_id"": ""{{email}}"", ""user_name"": ""{{name}}"", ""user_email"": ""{{email}}"", ""session_id"": ""{{id}}""}",Session begins after user successfully authenticates via SSO.,High,Yes
162,global/session,Session Events,Browser / tab closed,session_event,browser_closed,"{""session_id"": ""{{id}}"", ""session_duration_ms"": ""{{ms}}""}",User closes the browser or navigates away — captured via beforeunload.,High,Yes
163,global/session,Session Events,User logout (session end),session_event,user_logged_out,"{""user_id"": ""{{email}}"", ""session_duration_ms"": ""{{ms}}"", ""logout_location"": ""{{sidebar|topbar}}""}",User explicitly logs out — important for session duration measurement.,High,No
